{
    "rose": {
        "precision": 0.8,
        "recall": 0.6666666666666666,
        "f1_score": 0.7272727272727273,
        "support": 6
    },
    "sunflower": {
        "precision": 1.0,
        "recall": 0.875,
        "f1_score": 0.9333333333333333,
        "support": 8
    },
    "tulip": {
        "precision": 0.6666666666666666,
        "recall": 1.0,
        "f1_score": 0.8,
        "support": 4
    },
    "weighted_avg": {
        "precision": 0.8592592592592593,
        "recall": 0.8333333333333334,
        "f1_score": 0.8350168350168351,
        "support": 18
    }
}