{
    "abyssinian": {
        "precision": 1.0,
        "recall": 0.8,
        "f1_score": 0.8888888888888888,
        "support": 5
    },
    "bengal": {
        "precision": 0.8333333333333334,
        "recall": 1.0,
        "f1_score": 0.9090909090909091,
        "support": 5
    },
    "birman": {
        "precision": 1.0,
        "recall": 1.0,
        "f1_score": 1.0,
        "support": 5
    },
    "chihuahua": {
        "precision": 1.0,
        "recall": 1.0,
        "f1_score": 1.0,
        "support": 5
    },
    "husky": {
        "precision": 1.0,
        "recall": 1.0,
        "f1_score": 1.0,
        "support": 5
    },
    "poodle": {
        "precision": 1.0,
        "recall": 1.0,
        "f1_score": 1.0,
        "support": 4
    },
    "rose": {
        "precision": 0.8333333333333334,
        "recall": 0.8333333333333334,
        "f1_score": 0.8333333333333334,
        "support": 6
    },
    "sunflower": {
        "precision": 1.0,
        "recall": 1.0,
        "f1_score": 1.0,
        "support": 8
    },
    "tulip": {
        "precision": 0.75,
        "recall": 0.75,
        "f1_score": 0.75,
        "support": 4
    },
    "weighted_avg": {
        "precision": 0.9397163120567377,
        "recall": 0.9361702127659575,
        "f1_score": 0.9359552976574254,
        "support": 47
    }
}