{
    "chihuahua": {
        "precision": 1.0,
        "recall": 1.0,
        "f1_score": 1.0,
        "support": 5
    },
    "husky": {
        "precision": 1.0,
        "recall": 1.0,
        "f1_score": 1.0,
        "support": 5
    },
    "poodle": {
        "precision": 1.0,
        "recall": 1.0,
        "f1_score": 1.0,
        "support": 5
    },
    "rose": {
        "precision": 0.8571428571428571,
        "recall": 1.0,
        "f1_score": 0.9230769230769231,
        "support": 6
    },
    "sunflower": {
        "precision": 1.0,
        "recall": 1.0,
        "f1_score": 1.0,
        "support": 8
    },
    "tulip": {
        "precision": 1.0,
        "recall": 0.75,
        "f1_score": 0.8571428571428571,
        "support": 4
    },
    "weighted_avg": {
        "precision": 0.9740259740259739,
        "recall": 0.9696969696969697,
        "f1_score": 0.9686979686979686,
        "support": 33
    }
}