{
    "rose": {
        "precision": 1.0,
        "recall": 0.8333333333333334,
        "f1_score": 0.9090909090909091,
        "support": 6
    },
    "sunflower": {
        "precision": 1.0,
        "recall": 1.0,
        "f1_score": 1.0,
        "support": 8
    },
    "tulip": {
        "precision": 0.8,
        "recall": 1.0,
        "f1_score": 0.8888888888888888,
        "support": 4
    },
    "weighted_avg": {
        "precision": 0.9555555555555555,
        "recall": 0.9444444444444444,
        "f1_score": 0.9450056116722784,
        "support": 18
    }
}